INSTRUMENTO,ITEM DE DESPESA,DESCRIÇÃO ITEM DE DESPESA
1190123,1.2.1,ACESSÓRIOS PARA BANHEIROS
1190123,1.2.10,CONTAÇÃO DE HISTÓRIA
1190123,1.2.11,CANTO CORAL
1190123,1.2.12,OFICINA DANÇA E FUNCIONAL
1190123,1.2.13,OFICINA FLAUTA
1190123,1.2.14,MATERIAL PARA OFICINA FUTEBOL DE CAMPO
1190123,1.2.15,MATERIAL PARA HORTO
1190123,1.2.16,OFICINA KARATÊ E MUAY THAI
1190123,1.2.17,SALA DE MÚSICA
1190123,1.2.18,OFICINA TECLADO
1190123,1.2.19,OFICINA VIOLÃO
1190123,1.2.2,"EPI’S COZINHA, CURSO DE GASTRONOMIA E DEMAIS AMBIENTES"
1190123,1.2.20,OFICINA VÔLEI
1190123,1.2.21,ALIMENTAÇÃO PARA EVENTOS
1190123,1.2.22,PRIMEIROS SOCORROS
1190123,1.2.23,UNIFORME EM GERAL
1190123,1.2.24,UTENSÍLIOS DE COZINHA
1190123,1.2.25,MATERIAIS DE UTENSÍLIOS DO CURSO DE GASTRONOMIA
1190123,1.2.26,GÁS ENGARRAFADO
1190123,1.2.27,MATERIAL PARA FESTIVIDADES;
1190123,1.2.28,MATERIAL DE COPA E COZINHA
1190123,1.2.29,MATERIAL DE PROTEÇÃO E SEGURANÇA.
1190123,1.2.3,MATERIAL DE EXPEDIENTE
1190123,1.2.30,OFICINA DE TEATRO
1190123,1.2.4,MATERIAL DE LIMPEZA
1190123,1.2.5,MATERIAL DE TECNOLOGIA DA INFORMAÇÃO
1190123,1.2.6,MATERIAIS PARA REPAROS E CONSERVAÇÃO
1190123,1.2.7,MATERIAL PARA OFICINAS PEDAGÓGICAS
1190123,1.2.8,OFICINA DE BALLET
1190123,1.2.9,OFICINA DE CAPOEIRA
1190123,1.3.1,SERVIÇOS DE PEQUENOS REPAROS
1190123,1.3.10,SERVIÇO DE APOIO E INFRAESTRUTURA
1190123,1.3.11,"LOCAÇÃO DE MÁQUINAS, EQUIPAMENTOS E INFRAESTRUTURA PARA TI"
1190123,1.3.13,LOCAÇÃO DE ÔNIBUS
1190123,1.3.14,SERVIÇO DE LOCAÇÃO BRINQUEDOS DE RECREAÇÃO
1190123,1.3.2,SERVIÇOS GRÁFICOS E REPROGRÁFICOS
1190123,1.3.3,LOCAÇÃO DE VEÍCULO;
1190123,1.3.4,DEDETIZAÇÃO
1190123,1.3.5,ESGOTAMENTO DE FOSSA
1190123,1.3.6,LIMPEZA DE CAIXA D'ÁGUA
1190123,1.3.7,"PRÊMIOS, CONDECORAÇÕES, MEDALHAS E TROFÉUS"
1190123,1.3.8,REMUNERAÇÃO DE SERVIÇOS DE NATUREZA EVENTUAL
1190123,1.3.9,MONITORAMENTO ELETRÔNICO
1190123,1.4.1,REMUNERAÇÃO DE SERVIÇOS DE NATUREZA EVENTUAL
1190123,1.4.2,SERVIÇOS DE PEQUENOS REPAROS
1190123,1.4.3,BENEFÍCIO ASSISTENCIAL PARA MONITORAMENTO DAS ATIVIDADES - (22 BOLSISTAS)
1190123,1.5.1,EQUIPAMENTO E PERMANENTE GERAL
1190123,1.5.2,SALA DE MÚSICA
1190123,1.5.3,MATERIAL – HORTA
1190123,1.6.2,SERVIÇOS TÉCNICOS PROFISSIONAIS
1190123,1.6.3,MATERIAL DE TECNOLOGIA DA INFORMAÇÃO
1190123,1.6.4,LOCAÇÃO DE VEÍCULO
1190123,1.6.5,SERVIÇOS GRÁFICOS E REPROGRÁFICOS
1190123,1.6.6,"MATERIAL PARA LIMPEZA, CONSERVAÇÃO E HIGIENE"
1190123,1.6.7,SERVIÇOS DE PEQUENOS REPAROS
1190123,1.7.1,DIÁRIA DENTRO DO ESTADO
1190123,1.7.2,DIÁRIA FORA DO ESTADO
1202581,1.2.1,ACESSÓRIOS PARA BANHEIROS
1202581,1.2.10,CONTAÇÃO DE HISTÓRIA
1202581,1.2.11,CANTO CORAL
1202581,1.2.12,OFICINA DANÇA FUNCIONAL
1202581,1.2.13,OFICINA FLAUTA
1202581,1.2.14,MATERIAL PARA OFICINA FUTEBOL DE CAMPO
1202581,1.2.15,MATERIAL PARA HORTO
1202581,1.2.16,OFICINA DE ARTES MARCIAIS JIU JITSU
1202581,1.2.17,SALA DE MÚSICA
1202581,1.2.18,OFICINA TECLADO
1202581,1.2.19,OFICINA VIOLÃO
1202581,1.2.2,"EPI’S COZINHA, CURSO DE GASTRONOMIA E DEMAIS AMBIENTES"
1202581,1.2.20,OFICINA VÔLEI E HANDEBOL
1202581,1.2.21,ALIMENTAÇÃO PARA EVENTOS
1202581,1.2.22,PRIMEIROS SOCORROS
1202581,1.2.23,UNIFORME EM GERAL
1202581,1.2.24,UTENSÍLIOS DE COZINHA
1202581,1.2.25,MATERIAIS E UTENSÍLIOS DO CURSO DE GASTRONOMIA
1202581,1.2.26,FORNECIMENTO DE ÁGUA
1202581,1.2.27,GÁS DE ENGARRAFADO
1202581,1.2.28,GÊNEROS ALIMENTÍCIOS
1202581,1.2.29,FUTEBOL DE SALÃO
1202581,1.2.3,MATERIAL DE EXPEDIENTE
1202581,1.2.30,MATERIAL PARA FESTIVIDADES;
1202581,1.2.31,MATERIAL DE COPA E COZINHA
1202581,1.2.32,MATERIAL DE PROTEÇÃO E SEGURANÇA
1202581,1.2.33,OFICINA DE TEATRO
1202581,1.2.34,OUTROS MATERIAIS DE CONSUMO
1202581,1.2.4,MATERIAL DE LIMPEZA
1202581,1.2.5,MATERIAL DE TECNOLOGIA DA INFORMAÇÃO
1202581,1.2.6,MATERIAIS PARA REPAROS E CONSERVAÇÃO
1202581,1.2.7,MATERIAL PARA OFICINAS PEDAGÓGICAS
1202581,1.2.8,OFICINA DE BALLET
1202581,1.2.9,OFICINA DE CAPOEIRA
1202581,1.3.1,SERVIÇOS DE PEQUENOS REPAROS
1202581,1.3.10,SERVIÇO DE APOIO E INFRAESTRUTURA
1202581,1.3.11,"LOCAÇÃO DE MÁQUINAS, EQUIPAMENTOS E INFRAESTRUTURA PARA TI"
1202581,1.3.13,LOCAÇÃO DE ÔNIBUS
1202581,1.3.14,REMUNERAÇÃO DE SERVIÇOS DE NATUREZA EVENTUAL
1202581,1.3.15,SERVIÇO DE LOCAÇÃO BRINQUEDOS DE RECREAÇÃO
1202581,1.3.2,SERVIÇOS GRÁFICOS E REPROGRÁFICOS
1202581,1.3.3,LOCAÇÃO DE VEÍCULO
1202581,1.3.4,DEDETIZAÇÃO
1202581,1.3.5,ESGOTAMENTO DE FOSSA
1202581,1.3.6,LIMPEZA DE CAIXA D'ÁGUA
1202581,1.3.7,"PRÊMIOS, CONDECORAÇÕES, MEDALHAS E TROFÉUS"
1202581,1.3.8,MONITORAMENTO ELETRÔNICO
1202581,1.3.9,RECOLHIMENTO DE COTA PATRONAL 20%
1202581,1.4.1,REMUNERAÇÃO DE SERVIÇOS DE NATUREZA EVENTUAL
1202581,1.4.2,SERVIÇOS DE PEQUENOS REPAROS
1202581,1.5.1,EQUIPAMENTO E PERMANENTE GERAL
1202581,1.5.2,SALA DE MÚSICA
1202581,1.5.3,MATERIAL – HORTO
1202581,1.6.1,DIÁRIA DENTRO DO ESTADO
1202581,1.6.2,DIÁRIA FORA DO ESTADO
1202581,1.7.2,MATERIAL DE TECNOLOGIA DA INFORMAÇÃO
1202581,1.7.3,LOCAÇÃO DE VEÍCULO
1202581,1.7.4,SERVIÇOS DE PEQUENOS REPAROS
1202581,1.7.5,"MATERIAL PARA LIMPEZA, CONSERVAÇÃO E HIGIENE"
1202581,1.7.6,SERVIÇOS TÉCNICOS E PROFISSIONAIS
1220963,1.2.1,DIÁRIA DENTRO DO ESTADO
1220963,1.3.1,LOCAÇÃO DE VEICULO
1220963,1.3.3,SERVIÇO DE COMUNICAÇÃO EM GERAL
1220963,1.3.4,REMUNERAÇÃO DE SERVIÇOS DE NATUREZA EVENTUAL
1220963,1.3.5,SERVIÇOS DE PEQUENOS REPAROS
1220963,1.3.6,SERVIÇO DE APOIO E INFRAESTRUTURA
1220963,1.3.7,CONFECÇÃO DE UNIFORMES
1220963,1.3.8,SERVIÇOS TÉCNICOS E PROFISSIONAIS
1220963,1.3.9,SERVIÇO DE REDE DE INTERNET (WIFI)
1220963,1.4.1,MATERIAL DE TECNOLOGIA DA INFORMAÇÃO
1220963,1.4.2,MATERIAL DIDÁTICO E PEDAGOGICO
1220963,1.4.3,"MATERIAL DE LIMPEZA, CONSERVAÇÃO E HIGIENE"
1220963,1.4.4,MATERIAL DE COPA E COZINHA
1220963,1.4.5,GÁS DE COZINHA
1220963,1.4.6,GÊNEROS ALIMENTÍCIOS
1220963,1.4.7,MATERIAL DE PROTEÇÃO E SEGURANÇA
1220963,1.5.1,MATERIAL DE TECNOLOGIA DA INFORMAÇÃO
1220963,1.5.2,LOCAÇÃO DE VEICULO
1220963,1.5.3,SERVIÇOS TÉCNICOS E PROFISSIONAIS
1238489,1.2.1,DIÁRIA DENTRO DO ESTADO
1238489,1.3.1,"CONTAS PÚBLICAS (ENERGIA, ÁGUA, TELEFONE E INTERNET)"
1238489,1.3.2,LOCAÇÃO DE VEÍCULO
1238489,1.3.4,SERVIÇO DE COMUNICAÇÃO EM GERAL
1238489,1.3.5,REMUNERAÇÃO DE SERVIÇOS DE NATUREZA EVENTUAL
1238489,1.3.6,SERVIÇOS DE PEQUENOS REPAROS
1238489,1.3.7,SERVIÇO DE APOIO E INFRAESTRUTURA
1238489,1.3.8,CONFECÇÃO DE UNIFORMES
1238489,1.3.9,SERVIÇOS TÉCNICOS E PROFISSIONAIS
1238489,1.4.1,LOCAÇÃO DE IMÓVEL
1238489,1.5.1,MATERIAL DE TECNOLOGIA DA INFORMAÇÃO
1238489,1.5.2,MATERIAL DIDÁTICO E PEDAGÓGICO
1238489,1.5.3,"MATERIAL DE LIMPEZA, CONSERVAÇÃO E HIGIENE"
1238489,1.5.4,MATERIAL DE COPA E COZINHA
1238489,1.5.5,GÁS DE COZINHA
1238489,1.5.6,GÊNEROS ALIMENTÍCIOS
1238489,1.5.7,MATERIAL DE PROTEÇÃO E SEGURANÇA.
1238489,1.6.2,MATERIAL DE TECNOLOGIA DA INFORMAÇÃO
1238489,1.6.3,LOCAÇÃO DE VEÍCULO
1238489,1.6.4,CONFECÇÃO DE UNIFORMES E VESTUÁRIO EM GERAL
1238489,1.6.5,SERVIÇOS GRÁFICOS E REPROGRÁFICOS
1238489,1.6.6,SERVIÇOS DE PEQUENOS REPAROS
1238489,1.6.7,SERVIÇOS TÉCNICOS E PROFISSIONAIS
1238489,1.6.8,"MATERIAL DE LIMPEZA, CONSERVAÇÃO E HIGIENE"
1238489,2.2.1,DIÁRIA DENTRO DO ESTADO
1238489,2.3.1,LOCAÇÃO DE VEÍCULO
1238489,2.3.3,SERVIÇO DE COMUNICAÇÃO EM GERAL
1238489,2.3.4,REMUNERAÇÃO DE SERVIÇOS DE NATUREZA EVENTUAL
1238489,2.3.5,SERVIÇOS DE PEQUENOS REPAROS
1238489,2.3.6,SERVIÇO DE APOIO E INFRAESTRUTURA
1238489,2.3.7,CONFECÇÃO DE UNIFORMES
1238489,2.3.8,SERVIÇOS TÉCNICOS E PROFISSIONAIS
1238489,2.4.1,MATERIAL DE TECNOLOGIA DA INFORMAÇÃO
1238489,2.4.2,MATERIAL DIDÁTICO E PEDAGÓGICO
1238489,2.4.3,"MATERIAL DE LIMPEZA, CONSERVAÇÃO E HIGIENE"
1238489,2.4.4,MATERIAL DE COPA E COZINHA
1238489,2.4.5,GÁS DE COZINHA
1238489,2.4.6,GÊNEROS ALIMENTÍCIOS
1238489,2.4.7,MATERIAL DE PROTEÇÃO E SEGURANÇA.
1238489,2.5.2,MATERIAL DE TECNOLOGIA DA INFORMAÇÃO
1238489,2.5.3,CONFECÇÃO DE UNIFORMES E VESTUÁRIO EM GERAL
1238489,2.5.4,SERVIÇOS GRÁFICOS E REPROGRÁFICOS
1238489,2.5.5,LOCAÇÃO DE VEICULO
1238489,2.5.6,"MATERIAL DE LIMPEZA, CONSERVAÇÃO E HIGIENE"
1238489,2.5.7,SERVIÇOS DE PEQUENOS REPAROS
1238520,1.2.1,DIÁRIA DENTRO DO ESTADO
1238520,1.2.2,DIÁRIA FORA DO ESTADO.
1238520,1.3.1,LOCAÇÃO DE VEICULO
1238520,1.3.3,CONFECÇÃO DE UNIFORMES
1238520,1.3.4,SERVIÇOS TÉCNICOS E PROFISSIONAIS
1238520,1.4.1,MATERIAL DE TECNOLOGIA DA INFORMAÇÃO
1238520,1.5.2,SERVIÇOS TÉCNICOS E PROFISSIONAIS
1238520,1.5.3,MATERIAL DE TECNOLOGIA DA INFORMAÇÃO
1238520,1.5.4,"MATERIAL DE LIMPEZA, CONSERVAÇÃO E HIGIENE"
1238520,1.5.5,GÊNEROS ALIMENTÍCIOS
1238520,1.5.6,LOCAÇÃO DE VEÍCULO
1238520,1.5.7,CONFECÇÃO DE UNIFORMES E VESTUÁRIO EM GERAL
1238520,2.1.1,SERVIÇO DE COMUNICAÇÃO EM GERAL
1238520,2.1.2,REMUNERAÇÃO DE SERVIÇOS DE NATUREZA EVENTUAL
1238520,2.1.3,SERVIÇO DE APOIO E INFRAESTRUTURA
1238520,3.1.1,SERVIÇO DE COMUNICAÇÃO EM GERAL
1238520,3.1.2,REMUNERAÇÃO DE SERVIÇOS DE NATUREZA EVENTUAL
1238520,3.1.3,SERVIÇO DE APOIO E INFRAESTRUTURA
1238520,4.1.1,SERVIÇO DE COMUNICAÇÃO EM GERAL
1238520,4.1.2,REMUNERAÇÃO DE SERVIÇOS DE NATUREZA EVENTUAL
1238520,4.1.3,SERVIÇO DE APOIO E INFRAESTRUTURA
1238520,5.1.1,SERVIÇO DE COMUNICAÇÃO EM GERAL
1238520,5.1.2,REMUNERAÇÃO DE SERVIÇOS DE NATUREZA EVENTUAL
1238520,5.1.3,SERVIÇO DE APOIO E INFRAESTRUTURA
1238520,6.1.1,SERVIÇO DE COMUNICAÇÃO EM GERAL
1238520,6.1.2,REMUNERAÇÃO DE SERVIÇOS DE NATUREZA EVENTUAL
1238520,6.1.3,SERVIÇO DE APOIO E INFRAESTRUTURA
1238520,7.1.1,SERVIÇO DE COMUNICAÇÃO EM GERAL
1238520,7.1.2,REMUNERAÇÃO DE SERVIÇOS DE NATUREZA EVENTUAL
1238520,7.1.3,SERVIÇO DE APOIO E INFRAESTRUTURA
1247749,1.2.1,DIÁRIA DENTRO DO ESTADO
1247749,1.2.3,DIÁRIA AJUDA DE CUSTO FORA DO ESTADO
1247749,1.3.1,SERVIÇOS DE PEQUENOS REPAROS
1247749,1.3.10,SERVIÇO DE APOIO E INFRAESTRUTURA
1247749,1.3.11,"LOCAÇÃO DE MÁQUINAS, EQUIPAMENTOS E INFRAESTRUTURA PARA TI"
1247749,1.3.13,LOCAÇÃO DE ÔNIBUS
1247749,1.3.14,REMUNERAÇÃO DE SERVIÇOS DE NATUREZA EVENTUAL
1247749,1.3.15,SERVIÇO DE LOCAÇÃO BRINQUEDOS DE RECREAÇÃO
1247749,1.3.2,SERVIÇOS GRÁFICOS E REPROGRÁFICOS
1247749,1.3.3,LOCAÇÃO DE VEÍCULO
1247749,1.3.4,DEDETIZAÇÃO
1247749,1.3.5,ESGOTAMENTO DE FOSSA
1247749,1.3.6,LIMPEZA DE CAIXA D`ÁGUA
1247749,1.3.7,"PRÊMIOS, CONDECORAÇÕES, MEDALHAS E TROFÉUS"
1247749,1.3.8,RECOLHIMENTO DE COTA PATRONAL 20%
1247749,1.3.9,MONITORAMENTO ELETRÔNICO
1247749,1.4.1,REMUNERAÇÃO DE SERVIÇOS DE NATUREZA EVENTUAL
1247749,1.4.2,SERVIÇOS DE PEQUENOS REPAROS
1247749,1.5.1,BENEFÍCIO ASSISTENCIAL PARA MONITORAMENTO DAS ATIVIDADES
1247749,1.6.1,ALIMENTAÇÃO PARA EVENTOS
1247749,1.6.10,OFICINA DE DANÇA FUNCIONAL
1247749,1.6.11,OFICINA DE FLAUTA
1247749,1.6.12,OFICINA DE FUTEBOL DE CAMPO
1247749,1.6.13,OFICINA DE HORTO
1247749,1.6.14,OFICINA DE ARTES MARCIAIS KARATÊ E KUNG FU
1247749,1.6.15,OFICINA DE MÚSICA
1247749,1.6.16,OFICINA DE TECLADO
1247749,1.6.17,OFICINA DE VIOLÃO
1247749,1.6.18,OFICINA DE VÔLEI
1247749,1.6.19,MATERIAL PEDAGÓGICO
1247749,1.6.2,"EPI’S COZINHA, CURSO DE GASTRONOMIA E DEMAIS AMBIENTES"
1247749,1.6.20,PRIMEIROS SOCORROS
1247749,1.6.21,MATERIAL DE TECNOLOGIA DA INFORMAÇÃO
1247749,1.6.22,UNIFORME EM GERAL
1247749,1.6.23,UTENSÍLIOS DE COZINHA
1247749,1.6.24,GÊNEROS ALIMENTÍCIOS
1247749,1.6.25,MATERIAL PARA FESTIVIDADES;
1247749,1.6.26,MATERIAL DE COPA E COZINHA
1247749,1.6.27,MATERIAL DE PROTEÇÃO E SEGURANÇA
1247749,1.6.28,GÁS ENGARRAFADO
1247749,1.6.29,OUTROS MATERIAIS DE CONSUMO PARA EVENTOS
1247749,1.6.3,MATERIAL DE EXPEDIENTE
1247749,1.6.4,MATERIAL DE LIMPEZA E HIGIENE
1247749,1.6.5,MATERIAIS PARA REPAROS E CONSERVAÇÃO
1247749,1.6.6,OFICINA DE BALLET
1247749,1.6.7,OFICINA DE CAPOEIRA
1247749,1.6.8,OFICINA DE CONTAÇÃO DE HISTÓRIA
1247749,1.6.9,OFICINA DE CANTO DE CORAL
1247749,1.7.1,EQUIPAMENTO E MATERIAL PERMANENTE
1247749,1.8.2,MATERIAL DE EXPEDIENTE
1247749,1.8.3,"MATERIAL PARA LIMPEZA, CONSERVAÇÃO E HIGIENE"
1247749,1.8.4,SERVIÇOS TÉCNICOS E PROFISSIONAIS
1247749,1.8.5,"CONTAS PÚBLICAS (ENERGIA, TELEFONE, CELULAR, ÁGUA)"
1247749,1.8.6,SERVIÇOS GRÁFICOS E REPROGRÁFICOS
1247749,1.8.7,MATERIAL DE TECNOLOGIA DA INFORMAÇÃO
1356831,1.2.1,SERVIÇO DE MONITORAMENTO ELETRÔNICO
1356831,1.2.2,SERVIÇOS GRÁFICOS E REPROGRÁFICOS
1356831,1.2.3,SERVIÇO DE REPARO DE BENS MÓVEIS E IMÓVEIS
1356831,1.2.4,SERVIÇO DE APOIO E INFRAESTRUTURA
1356831,1.3.1,UNIFORME EM GERAL
1356831,1.3.10,MATERIAL PARA OFICINA DE KARATÊ E MUAY THAI
1356831,1.3.11,MATERIAL PARA OFICINA DE MÚSICA
1356831,1.3.12,MATERIAL PARA OFICINA DE VIOLÃO
1356831,1.3.13,GÊNEROS ALIMENTÍCIOS
1356831,1.3.14,MATERIAL DE PROTEÇÃO E SEGURANÇA
1356831,1.3.15,MATERIAL PARA MANUTENÇÃO DE BENS MÓVEIS E IMÓVEIS
1356831,1.3.16,MATERIAL EDUCATIVO E ESPORTIVO.
1356831,1.3.17,MATERIAL PARA FESTIVIDADES;
1356831,1.3.2,MATERIAL DE EXPEDIENTE
1356831,1.3.3,"MATERIAL PARA LIMPEZA, CONSERVAÇÃO E HIGIENE"
1356831,1.3.4,PRIMEIROS SOCORROS
1356831,1.3.5,UTENSÍLIOS DE COZINHA
1356831,1.3.6,MATERIAL PARA OFICINA DE BALLET
1356831,1.3.7,MATERIAL PARA OFICINA DE CAPOEIRA
1356831,1.3.8,MATERIAL PARA OFICINA DE DANÇA FUNCIONAL
1356831,1.3.9,MATERIAL PARA OFICINA DE FLAUTA
1356831,1.4.1,EQUIPAMENTOS E MOBILIÁRIOS
1356831,1.4.2,EQUIPAMENTOS DE MÚSICA / INSTRUMENTOS MUSICAIS
1356831,1.5.2,LOCAÇÃO DE VEÍCULO
1356831,1.5.3,MATERIAL DE TECNOLOGIA DA INFORMAÇÃO
1363330,1.2.1,DIÁRIA DENTRO DO ESTADO
1363330,1.3.1,"CONTAS PUBLICAS (ENERGIA, ÁGUA,, TELEFONE E INTERNET)"
1363330,1.3.2,LOCAÇÃO DE VEICULO
1363330,1.3.4,SERVIÇO DE COMUNICAÇÃO EM GERAL
1363330,1.3.5,REMUNERAÇÃO DE SERVIÇOS DE NATUREZA EVENTUAL
1363330,1.3.6,SERVIÇOS DE PEQUENOS REPAROS
1363330,1.3.7,SERVIÇO DE APOIO E INFRAESTRUTURA
1363330,1.3.8,CONFECÇÃO DE UNIFORMES
1363330,1.3.9,SERVIÇOS TÉCNICOS E PROFISSIONAIS
1363330,1.4.1,LOCAÇÃO DE IMÓVEL.
1363330,1.5.1,MATERIAL DE TECNOLOGIA DA INFORMAÇÃO
1363330,1.5.2,MATERIAL DIDÁTICO E PEDAGOGICO
1363330,1.5.3,"MATERIAL DE LIMPEZA, CONSERVAÇÃO E HIGIENE"
1363330,1.5.4,MATERIAL DE COPA E COZINHA
1363330,1.5.5,GÁS DE COZINHA
1363330,1.5.6,GENEROS ALIMENICIOS
1363330,1.5.7,MATERIAL DE PROTEÇÃO E SEGURANÇA.
1363330,1.6.2,MATERIAL DE TECNOLOGIA DA INFORMAÇÃO
1363330,1.6.3,LOCAÇÃO DE VEÍCULO.
1363330,1.6.4,CONFECÇÃO DE UNIFORMES E VESTUÁRIO EM GERAL.
1363330,1.6.5,SERVIÇOS GRÁFICOS E REPROGRÁFICOS
1363330,1.6.6,SERVIÇOS DE PEQUENOS REPAROS
1363330,1.6.7,SERVIÇOS TÉCNICOS E PROFISSIONAIS
1363330,1.6.8,"MATERIAL DE LIMPEZA, CONSERVAÇÃO E HIGIENE"
1363330,2.2.1,DIÁRIA DENTRO DO ESTADO
1363330,2.3.1,LOCAÇÃO DE VEICULO
1363330,2.3.3,SERVIÇO DE COMUNICAÇÃO EM GERAL
1363330,2.3.4,REMUNERAÇÃO DE SERVIÇOS DE NATUREZA EVENTUAL
1363330,2.3.5,SERVIÇOS DE PEQUENOS REPAROS
1363330,2.3.6,SERVIÇO DE APOIO E INFRAESTRUTURA
1363330,2.3.7,CONFECÇÃO DE UNIFORMES
1363330,2.3.8,SERVIÇOS TÉCNICOS E PROFISSIONAIS
1363330,2.4.1,MATERIAL DE TECNOLOGIA DA INFORMAÇÃO
1363330,2.4.2,MATERIAL DIDÁTICO E PEDAGOGICO
1363330,2.4.3,"MATERIAL DE LIMPEZA, CONSERVAÇÃO E HIGIENE"
1363330,2.4.4,MATERIAL DE COPA E COZINHA
1363330,2.4.5,GÁS DE COZINHA
1363330,2.4.6,GÊNEROS ALIMENTÍCIOS
1363330,2.4.7,MATERIAL DE PROTEÇÃO E SEGURANÇA.
1363330,2.5.2,MATERIAL DE TECNOLOGIA DA INFORMAÇÃO
1363330,2.5.3,CONFECÇÃO DE UNIFORMES E VESTUÁRIO E EM GERAL .
1363330,2.5.4,SERVIÇOS GRÁFICOS E REPROGRÁFICOS
1363330,2.5.5,LOCAÇÃO DE VEICULO
1363330,2.5.6,"MATERIAL DE LIMPEZA, CONSERVAÇÃO E HIGIENE"
1363330,2.5.7,SERVIÇOS DE PEQUENOS REPAROS
1378187,1.2.1,DIÁRIAS DENTRO DO ESTADO
1378187,1.2.2,DIÁRIAS FORA DO ESTADO
1378187,1.3.1,SERVIÇOS TÉCNICOS E PROFISSIONAIS
1378187,1.3.2,SERVIÇOS GRÁFICOS E REPROGRÁFICOS
1378187,1.3.3,LOCAÇÃO DE ESPAÇO
1378187,1.3.4,FORNECIMENTO DE ALIMENTAÇÃO
1378187,1.3.5,DESPESAS PASSAGENS AÉREAS E TERRESTRES
1378187,1.3.6,SERVIÇO DE APOIO E INFRAESTRUTURA
1378187,1.4.1,MATERIAL DE PROCESSAMENTO DE DADOS
1378187,1.4.2,MATERIAL DE EXPEDIENTE
1378187,1.5.2,LOCAÇÃO DE VEÍCULO
1378187,1.5.3,MATERIAL DE EXPEDIENTE E PROCESSAMENTO DE DADOS
1378187,1.5.4,SERVIÇOS TÉCNICOS E PROFISSIONAIS
1404986,1.2.1,LOCAÇÃO DE VEÍCULO;
1404986,1.2.2,"PRÊMIOS, CONDECORAÇÕES, MEDALHAS E TROFÉUS;"
1404986,1.2.3,REMUNERAÇÃO DE SERVIÇOS DE NATUREZA EVENTUAL
1404986,1.2.4,REMUNERAÇÃO DE SERVIÇOS DE NATUREZA EVENTUAL
1404986,1.2.5,SERVIÇO DE CONFECÇÃO DE MATERIAL PERSONALIZADO PARA EVENTOS;
1404986,1.2.6,SERVIÇOS GRÁFICOS E REPROGRÁFICOS
1404986,1.2.7,SERVIÇOS DE PEQUENOS REPAROS
1404986,1.3.1,GÁS ENGARRAFADO PARA COZINHA;
1404986,1.3.10,UTENSÍLIOS DE COPA E COZINHA;
1404986,1.3.11,VESTUÁRIO E UNIFORMES EM GERAL;
1404986,1.3.2,GÊNEROS ALIMENTÍCIOS;
1404986,1.3.3,MATERIAL DE TECNOLOGIA DA INFORMAÇÃO
1404986,1.3.4,MATERIAL PARA CENÁRIOS E FIGURINOS PARA EVENTOS CULTURAIS;
1404986,1.3.5,"MATERIAL PARA CONSERVAÇÃO, LIMPEZA E HIGIENE;"
1404986,1.3.6,"MATERIAL RECREATIVO, ESPORTIVO E DE ARTE;"
1404986,1.3.7,MATERIAL PARA PRIMEIROS SOCORROS;
1404986,1.3.8,MATERIAIS PARA REPAROS E CONSERVAÇÃO
1404986,1.3.9,MATERIAL PARA FESTIVIDADES;
1404986,1.4.1,EQUIPAMENTO E MATERIAL PERMANENTE
1404986,1.5.2,MATERIAL DE TECNOLOGIA DA INFORMAÇÃO
1404996,1.2.1,LOCAÇÃO DE VEÍCULO;
1404996,1.2.2,"PRÊMIOS, CONDECORAÇÕES, MEDALHAS E TROFÉUS;"
1404996,1.2.3,REMUNERAÇÃO DE SERVIÇOS DE NATUREZA EVENTUAL
1404996,1.2.4,REMUNERAÇÃO DE SERVIÇOS DE NATUREZA EVENTUAL
1404996,1.2.5,SERVIÇO DE CONFECÇÃO DE MATERIAL PERSONALIZADO PARA EVENTOS;
1404996,1.2.6,SERVIÇOS GRÁFICOS E REPROGRÁFICOS
1404996,1.2.7,SERVIÇOS DE PEQUENOS REPAROS
1404996,1.3.1,GÁS ENGARRAFADO PARA COZINHA;
1404996,1.3.10,UTENSÍLIOS DE COPA E COZINHA;
1404996,1.3.11,VESTUÁRIO E UNIFORMES EM GERAL.
1404996,1.3.2,GÊNEROS ALIMENTÍCIOS;
1404996,1.3.3,MATERIAL DE TECNOLOGIA DA INFORMAÇÃO
1404996,1.3.4,MATERIAL PARA CENÁRIOS E FIGURINOS PARA EVENTOS CULTURAIS;
1404996,1.3.5,"MATERIAL PARA CONSERVAÇÃO, LIMPEZA E HIGIENE;"
1404996,1.3.6,"MATERIAL RECREATIVO, ESPORTIVO E DE ARTE;"
1404996,1.3.7,MATERIAL PARA PRIMEIROS SOCORROS;
1404996,1.3.8,MATERIAIS PARA REPAROS E CONSERVAÇÃO
1404996,1.3.9,MATERIAL PARA FESTIVIDADES;
1404996,1.4.1,EQUIPAMENTO E MATERIAL PERMANENTE.
1404996,1.5.1,SERVIÇOS GRÁFICOS E REPROGRÁFICOS
1404996,1.5.2,SERVIÇOS TÉCNICOS E PROFISSIONAIS
1404996,1.5.3,MATERIAL DE TECNOLOGIA DA INFORMAÇÃO
1404999,1.2.1,LOCAÇÃO DE VEÍCULO;
1404999,1.2.2,"PRÊMIOS, CONDECORAÇÕES, MEDALHAS E TROFÉUS;"
1404999,1.2.3,REMUNERAÇÃO DE SERVIÇOS DE NATUREZA EVENTUAL
1404999,1.2.4,REMUNERAÇÃO DE SERVIÇOS DE NATUREZA EVENTUAL
1404999,1.2.5,SERVIÇO DE CONFECÇÃO DE MATERIAL PERSONALIZADO PARA EVENTOS;
1404999,1.2.6,SERVIÇOS GRÁFICOS E REPROGRÁFICOS
1404999,1.2.7,SERVIÇOS DE PEQUENOS REPAROS
1404999,1.3.1,GÁS ENGARRAFADO PARA COZINHA;
1404999,1.3.10,UTENSÍLIOS DE COPA E COZINHA;
1404999,1.3.11,VESTUÁRIO E UNIFORMES EM GERAL;
1404999,1.3.2,GÊNEROS ALIMENTÍCIOS;
1404999,1.3.3,MATERIAL DE TECNOLOGIA DA INFORMAÇÃO
1404999,1.3.4,MATERIAL PARA CENÁRIOS E FIGURINOS PARA EVENTOS CULTURAIS;
1404999,1.3.5,"MATERIAL PARA CONSERVAÇÃO, LIMPEZA E HIGIENE;"
1404999,1.3.6,"MATERIAL RECREATIVO, ESPORTIVO E DE ARTE;"
1404999,1.3.7,MATERIAL PARA PRIMEIROS SOCORROS;
1404999,1.3.8,MATERIAIS PARA REPAROS E CONSERVAÇÃO
1404999,1.3.9,MATERIAL PARA FESTIVIDADES;
1404999,1.4.1,EQUIPAMENTO E MATERIAL PERMANENTE;
1404999,1.5.2,MATERIAL DE TECNOLOGIA DA INFORMAÇÃO
1405863,1.1.1,GÊNEROS DE ALIMENTAÇÃO
1405863,1.1.2,MATERIAL DE EXPEDIENTE
1405863,1.1.3,MATERIAL EDUCATIVO E ESPORTIVO
1405863,1.1.4,MATERIAL DE COPA E COZINHA
1405863,1.1.5,MATERIAL PARA FESTIVIDADES;
1405863,1.1.6,"UNIFORMES, TECIDOS E AVIAMENTOS"
1405863,1.2.1,SERVIÇO DE COMUNICAÇÃO EM GERAL
1405863,1.2.2,SERVIÇOS TÉCNICOS E PROFISSIONAIS
1405863,1.2.3,SERVIÇO DE APOIO E INFRAESTRUTURA